<?xml version="1.0" encoding="UTF-8"?>
<edges xmlns:xsi="http://www.w3.org/2001/XMLSchema-instance" xsi:noNamespaceSchemaLocation="http://sumo.dlr.de/xsd/edges_file.xsd">
    <edge id="Doctor_Gaspar_Rodriguez_de_Francia_0" from="20928101" to="618491563" numLanes="1" speed="13.89"/>
    <edge id="Saturio_Rios_1" from="20944199" to="4589588101" numLanes="1" speed="13.89"/>
    <edge id="Julia_Miranda_Cueto_2" from="20944199" to="20928101" numLanes="1" speed="13.89"/>
    <edge id="Saturio_Rios_3" from="20944205" to="20944199" numLanes="1" speed="13.89"/>
    <edge id="Avenida_Mariscal_Estigarribia_4" from="20944205" to="59712886" numLanes="1" speed="13.89"/>
    <edge id="Doctor_Gaspar_Rodriguez_de_Francia_5" from="59712818" to="9258887961" numLanes="1" speed="13.89"/>
    <edge id="Doctor_Gaspar_Rodriguez_de_Francia_6" from="59712819" to="4589588100" numLanes="1" speed="13.89"/>
    <edge id="Avenida_Mariscal_Estigarribia_7" from="59712886" to="845236852" numLanes="1" speed="13.89"/>
    <edge id="primary_link_road_8" from="59712886" to="845236833" numLanes="1" speed="13.89"/>
    <edge id="Teniente_Benitez_10" from="612015725" to="612015723" numLanes="1" speed="13.89"/>
    <edge id="Saturio_Rios_11" from="612015725" to="20944205" numLanes="1" speed="13.89"/>
    <edge id="Avenida_Mariscal_Jose_Felix_Estigarribia_12" from="618491563" to="20944205" numLanes="1" speed="13.89"/>
    <edge id="Doctor_Gaspar_Rodriguez_de_Francia_13" from="618491563" to="612015723" numLanes="1" speed="13.89"/>
    <edge id="Avenida_Defensores_del_Chaco_14" from="842237142" to="1437431218" numLanes="1" speed="13.89"/>
    <edge id="Ruta_Departamental_027_15" from="845236833" to="845236852" numLanes="1" speed="13.89"/>
    <edge id="General_Genes_16" from="845236852" to="1437431229" numLanes="1" speed="13.89"/>
    <edge id="14_de_Mayo_17" from="861340415" to="59712818" numLanes="1" speed="13.89"/>
    <edge id="Saturio_Rios_18" from="861340424" to="861340415" numLanes="1" speed="13.89"/>
    <edge id="Cerro_Cora_19" from="861340424" to="1437431193" numLanes="1" speed="13.89"/>
    <edge id="Avenida_Defensores_del_Chaco_20" from="1437431218" to="1437431230" numLanes="1" speed="13.89"/>
    <edge id="General_Genes_21" from="1437431218" to="1437431193" numLanes="1" speed="13.89"/>
    <edge id="General_Genes_22" from="1437431229" to="4589588103" numLanes="1" speed="13.89"/>
    <edge id="Julia_Miranda_Cueto_23" from="1437431229" to="20944199" numLanes="1" speed="13.89"/>
    <edge id="Avenida_Defensores_del_Chaco_24" from="1437431230" to="59712819" numLanes="1" speed="13.89"/>
    <edge id="Saturio_Rios_25" from="1437431230" to="861340424" numLanes="1" speed="13.89"/>
    <edge id="Doctor_Gaspar_Rodriguez_de_Francia_26" from="4589588100" to="20928101" numLanes="1" speed="13.89"/>
    <edge id="Avenida_Defensores_del_Chaco_27" from="4589588100" to="4589588101" numLanes="1" speed="13.89"/>
    <edge id="Saturio_Rios_28" from="4589588101" to="1437431230" numLanes="1" speed="13.89"/>
    <edge id="Avenida_Defensores_del_Chaco_29" from="4589588101" to="4589588103" numLanes="1" speed="13.89"/>
    <edge id="General_Genes_30" from="4589588103" to="1437431218" numLanes="1" speed="13.89"/>
    <edge id="Avenida_Defensores_del_Chaco_31" from="4589588103" to="842237142" numLanes="1" speed="13.89"/>
    <edge id="Doctor_Gaspar_Rodriguez_de_Francia_32" from="9258887961" to="59712819" numLanes="1" speed="13.89"/>
    <edge id="Cerro_Cora_33" from="9258887961" to="861340424" numLanes="1" speed="13.89"/>
</edges>